title,author,journal,number,cites,year_pre_clean,cid,pubid,author_orig,year
"3D movies for teaching seafloor bathymetry, plate tectonics, and ocean circulation in large undergraduate classes","CD Peterson, LE Lisiecki, G Gebbie, B Hamann, LH Kellogg, O Kreylos, M Kronenberger, HJ Spero, GJ Streletz, C Weber",AGU Fall Meeting Abstracts,,0,2015,NA,kz9GbA2Ns4gC,"CD Peterson, LE Lisiecki, G Gebbie, B Hamann, LH Kellogg, O Kreylos, ...",2015
A 3D Immersive Fault Visualizer and Editor,"MB Yikilmaz, J Van Aalsburg, O Kreylos, LH Kellogg, JB Rundle",AGU Fall Meeting Abstracts,,0,2007,NA,70eg2SAEIzsC,"MB Yikilmaz, J van Aalsburg, O Kreylos, LH Kellogg, JB Rundle",2007
A box model for the transport of carbon between major carbon reservoirs over geologic time.,"LH Kellogg, DL Turcotte, HV Lokavarapu",AGU Fall Meeting Abstracts,,0,2018,NA,6ZxmRoH8BuwC,"LH Kellogg, DL Turcotte, HV Lokavarapu",2018
A comparison among observations and earthquake simulator results for the allcal2 California fault model,"TE Tullis, KB Richards-Dinger, M Barall, JH Dieterich, EH Field, EM Heien, LH Kellogg, FF Pollitz, JB Rundle, MK Sachs, DL Turcotte, SN Ward, MB Yikilmaz",Seismological Research Letters,"83 (6), 994-1006",43,2012,7.11894E+18,olpn-zPbct0C,"TE Tullis, K Richards‐Dinger, M Barall, JH Dieterich, EH Field, EM Heien, ...",2012
A Comparison of Methods for Ocean Reconstruction from Sparse Observations,"GJ Streletz, M Kronenberger, C Weber, G Gebbie, H Hagen, C Garth, B Hamann, O Kreylos, LH Kellogg, HJ Spero",AGU Fall Meeting Abstracts,,0,2014,NA,nrtMV_XWKgEC,"GJ Streletz, M Kronenberger, C Weber, G Gebbie, H Hagen, C Garth, ...",2014
A Composite Model for the Simulation of Seismicity,"DL Turcotte, MB Yikilmaz, JB Rundle, EM Heien, LH Kellogg",AGU Fall Meeting Abstracts,,0,2010,NA,ns9cj8rnVeAC,"DL Turcotte, MB Yikilmaz, JB Rundle, E Heien, LH Kellogg",2010
A Decade+ of Open Software Practice at CIG,"LH Kellogg, LJ Hwang",AGU Fall Meeting Abstracts,,0,2018,NA,_5tno0g5mFcC,"LH Kellogg, L Hwang",2018
A fault and seismicity based composite simulation in northern California,"MB Yikilmaz, EM Heien, DL Turcotte, JB Rundle, LH Kellogg",Nonlinear Processes in Geophysics,"18 (6), 955-966",16,2011,4.27485E+18,_xSYboBqXhAC,"MB Yıkılmaz, EM Heien, DL Turcotte, JB Rundle, LH Kellogg",2011
A geoscience perspective on immersive 3D gridded data visualization,"MI Billen, O Kreylos, B Hamann, MA Jadamec, LH Kellogg, O Staadt, DY Sumner",Computers & Geosciences,"34 (9), 1056-1072",70,2008,5.97528E+17,Se3iqnhoufwC,"MI Billen, O Kreylos, B Hamann, MA Jadamec, LH Kellogg, O Staadt, ...",2008
A liquid crystal model for friction,"S Shkoller, CHA Cheng, LH Kellogg, DL Turcotte",AGU Fall Meeting Abstracts,,0,2006,NA,xtRiw3GOFMkC,"S Shkoller, C Cheng, LH Kellogg, DL Turcotte",2006
A liquid-crystal model for friction,"CHA Cheng, LH Kellogg, S Shkoller, DL Turcotte",Proceedings of the National Academy of Sciences,"105 (23), 7930-7935",8,2008,1.72459E+19,qUcmZB5y_30C,"CHA Cheng, LH Kellogg, S Shkoller, DL Turcotte",2008
"A model to quantify mixing and anisotropy in three dimensional, incompressible flow fields","NS Conjeepuram, LH Kellogg, MI Billen",AGU Fall Meeting Abstracts,,0,2008,NA,BqipwSGYUEgC,"N Conjeepuram Subramanian, LH Kellogg, MI Billen",2008
A novel distance measure for ocean reconstruction from sparse observations demonstrated on the Atlantic,"M Kronenberger, C Weber, G Gebbie, O Kreylos, LH Kellogg, L Lisiecki,  C Peterson, HJ Spero, B Hamann, H Hagen",Proceedings of IEEE Scientific Visualization,,0,2015,NA,zLWjf1WUPmwC,"M Kronenberger, C Weber, G Gebbie, O Kreylos, LH Kellogg, LE Lisiecki, ...",2015
A Quantitative Look at the Overshoot Problem in Mantle Convection Simulation,"EH Studley, EM Heien, LH Kellogg, EG Puckett",AGU Fall Meeting Abstracts,,0,2013,NA,LjlpjdlvIbIC,"EH Studley, EM Heien, LH Kellogg, EG Puckett",2013
A Reservoir Model for the Evolution of Deep Carbon in the Earth,"M Weisfeiler, LH Kellogg, DL Turcotte",AGU Fall Meeting Abstracts,,0,2016,NA,Ug5p-4gJ2f0C,"M Weisfeiler, LH Kellogg, DL Turcotte",2016
"A reservoir model study of the flux of carbon from the atmosphere, to the continental crust, to the mantle","LH Kellogg, HV Lokavarapu, DL Turcotte, S Mukhopadhyay",AGU Fall Meeting Abstracts,,0,2017,NA,bz8QjSJIRt4C,"LH Kellogg, HV Lokavarapu, DL Turcotte, S Mukhopadhyay",2017
A Virtual California Earthquake Simulation Test,"MB Yikilmaz, DL Turcotte, G Yakovlev, JB Rundle, LH Kellogg",AGU Fall Meeting Abstracts,,0,2008,NA,SeFeTyx0c_EC,"MB Yikilmaz, DL Turcotte, G Yakovlev, JB Rundle, LH Kellogg",2008
Advances and innovations in models of mantle convection,LH Kellogg,AGU Fall Meeting Abstracts,,0,2002,NA,4OULZ7Gr8RgC,LH Kellogg,2002
Advancing solid earth system science through high-performance computing,"LJ Hwang, T Jordan, LH Kellogg, J Tromp, R Willemann","Computational Infrastructure for Geodynamics, University of California …",,3,2014,1.11353E+19,LO7wyVUgiFcC,"L Hwang, T Jordan, L Kellogg, J Tromp, R Willemann",2014
An Analysis of ASPECT Mantle Convection Simulator Performance and Benchmark Comparisons,"EM Heien, T Heister, W Bangerth, LH Kellogg",AGU Fall Meeting Abstracts,,0,2012,NA,UHK10RUVsp4C,"EM Heien, T Heister, W Bangerth, LH Kellogg",2012
"An Interactive, 3D Fault Editor for VR Environments","J Van Aalsburg, MB Yikilmaz, O Kreylos, LH Kellogg, JB Rundle",AGU Fall Meeting Abstracts,,0,2008,NA,D03iK_w7-QYC,"J van Aalsburg, MB Yikilmaz, O Kreylos, LH Kellogg, JB Rundle",2008
Analysis of emergent fault element behavior in Virtual California,"MT Glasscoe, RA Granat, JB Rundle, PB Rundle, A Donnellan, LH Kellogg",Concurrency and Computation: Practice and Experience,"22 (12), 1665-1683",2,2010,4.71326E+18,dhFuZR0502QC,"MT Glasscoe, RA Granat, JB Rundle, PB Rundle, A Donnellan, ...",2010
"Analysis of LIDAR Data during Rapid Scientific Response to the January 12, 2010 Haiti Earthquake","ES Cowgill, TS Bernardin, ME Oskin, C Bowles, MB Yikilmaz, O Kreylos, AJ Elliott, MS Bishop, LH Kellogg",,2010 GSA Denver Annual Meeting,1,2010,5.21255E+18,hMod-77fHWUC,"E COWGILL, TS BERNARDIN, ME OSKIN, C BOWLES, MB YıKıLMAZ, ...",2010
"Art-Science-Technology collaboration through immersive, interactive 3D visualization",LH Kellogg,AGU Fall Meeting Abstracts,,0,2014,NA,0KyAp5RtaNEC,LH Kellogg,2014
ASPECT: Hackathons as an example of sustaining an open source community,"LJ Hwang, W Bangerth, T Heister, LH Kellogg",Workshop on Sustainable Software for Science: Practice and Experiences,,2,2016,2.38668E+18,8d8msizDQcsC,"L Hwang, W Bangerth, T Heister, L Kellogg, G Allen, J Carve, SCT Choi, ...",2016
Augmented reality turns a sandbox into a geoscience lesson,"S Reed., S Hsi, O Kreylos, MB Yikilmaz, LH Kellogg, SG Schladow, H Segale, L Chan",EOS,"97, 18 - 22",7,2016,1.66625E+19,L7CI7m0gUJcC,"LC Reed, S., S. Hsi, O. Kreylos, M. B. Yikilmaz, L. H. Kellogg, S. G ...",2016
Automated Testing Infrastructure and Result Comparison for Geodynamics Codes,"EM Heien, LH Kellogg",AGU Fall Meeting Abstracts,,0,2013,NA,PR6Y55bgFSsC,"EM Heien, LH Kellogg",2013
Bending and flexure of brittle materials through damage: A model for folding in the elastico-frictional domain,"DM Manaker, DL Turcotte, LH Kellogg",AGU Fall Meeting Abstracts,,0,2006,NA,4JMBOYKVnBMC,"DM Manaker, DL Turcotte, LH Kellogg",2006
"Birth of a fault: connecting the Kern County and Walker Pass, California, earthquakes","GW Bawden, AJ Michael, LH Kellogg",Geology,"27 (7), 601-604",17,1999,1.01758E+19,3fE2CSJIrl8C,"GW Bawden, AJ Michael, LH Kellogg",1999
Blending Art and Science to Create Collapse (suddenly falling down),"M Neff, DY Sumner, GW Bawden, E Bromberg, D Davidson, S Gilbride, LH Kellogg, O Kreylos",Leonardo,"43 (2), 204-204",1,2010,4.983E+17,9ZlFYXVOiuMC,"M Neff, DY Sumner, GW Bawden, E Bromberg, D Davidson, S Gilbride, ...",2010
Can large increases in viscosity and thermal conductivity preserve large-scale heterogeneity in the mantle?,"JB Naliboff, LH Kellogg",Physics of the Earth and Planetary Interiors,"161 (1-2), 86-102",20,2007,8.16428E+18,ULOm3_A8WrAC,"JB Naliboff, LH Kellogg",2007
Chaotic mantle mixing and chemical geodynamics.,LH Kellogg,,,0,1989,NA,RYcK_YlVTxYC,LH Kellogg,1989
Chaotic mixing in the Earth's mantle,LH Kellogg,Advances in geophysics,"34, 1-33",9,1993,6.96231E+18,_kc_bZDykSQC,LH Kellogg,1993
Characterizing Kinematics of Passive Tracer Paths in Simulations of Mantle Convection in a 3D Spherical Shell,"JA Peterson, S Schröder, EM Heien, DL Turcotte, LH Kellogg",AGU Fall Meeting Abstracts,,0,2011,NA,08ZZubdj9fEC,"JA Peterson, S Schröder, EM Heien, DL Turcotte, LH Kellogg",2011
Compositional stratification in the deep mantle,"LH Kellogg, BH Hager, RD Van Der Hilst",Science,"283 (5409), 1881-1884",787,1999,1.06722E+19,u5HHmVD_uO8C,"LH Kellogg, BH Hager, RD Van Der Hilst",1999
Computational Infrastructure for Geodynamics (CIG),"M Gurnis, LH Kellogg, J Bloxham, BH Hager, M Spiegelman, S Willett, ME Wysession, M Aivazis",AGU Fall Meeting Abstracts,,0,2004,NA,RGFaLdJalmkC,"M Gurnis, LH Kellogg, J Bloxham, BH Hager, M Spiegelman, S Willett, ...",2004
Concentrated Strain Associated with Blind Thrusting in The California Eastern Coast Range from Continuous GPS Data,"MB Yikilmaz, O Beketova, DL Turcotte, LH Kellogg",AGU Fall Meeting Abstracts,,0,2011,NA,tS2w5q8j5-wC,"MB Yikilmaz, O Beketova, DL Turcotte, LH Kellogg",2011
Constraints from Earth's heat budget on mantle dynamics,"LH Kellogg, S Ferrachat",AGU Fall Meeting Abstracts,,0,2006,NA,hFOr9nPyWt4C,"LH Kellogg, S Ferrachat",2006
Constraints from Earth's heat budget on the origins of deep mantle heterogeneity,LH Kellogg,AGU Fall Meeting Abstracts,,0,2008,NA,M3NEmzRMIkIC,LH Kellogg,2008
Constraints on lower mantle heterogeneity from observations and numerical models,LH Kellogg,EGS-AGU-EUG Joint Assembly,,0,2003,NA,#NAME?,LH Kellogg,2003
"Constraints on the Structure of the Deep Mantle from Geochemistry, Heat Flow, and Numerical Models of a Hot Abyssal Layer",LH Kellogg,Eleventh Annual VM Goldschmidt Conference,,0,2001,NA,p2g8aNsByqUC,LH Kellogg,2001
Construction of implicit surfaces from point clouds using a feature-based approach,"P Keller, O Kreylos, ES Cowgill, LH Kellogg, M Hering-Bertram",Dagstuhl Follow-Ups,2,1,2011,1.07204E+19,rO6llkc54NcC,"P Keller, O Kreylos, ES Cowgill, LH Kellogg, M Hering-Bertram",2011
Convective mixing in the mantle: the role of viscosity differences,"DA Spence, JR Ockendon, P Wilmott, DL Turcotte, LH Kellogg",Geophysical Journal International,"95 (1), 79-86",25,1988,5.89495E+18,KlAtU1dfN6UC,"DA Spence, JR Ockendon, P Wilmott, DL Turcotte, LH Kellogg",1988
Correction to High Rayleigh number thermo-chemical models of a dense boundary layer in D ″”,"NL Montague, LH Kellogg, M Manga",Geophysical Research Letters,"25 (20), 3917-3917",1,1998,8.43895E+18,QIV2ME_5wuYC,"NL Montague, LH Kellogg, M Manga",1998
Creases Surfaces for Seismic Wave Data Analysis and Visualization,"G Aldrich, LH Kellogg, B Hamann",AGU Fall Meeting Abstracts,,0,2011,NA,sSrBHYA8nusC,"G Aldrich, LH Kellogg, B Hamann",2011
Critical jump distance for propagating earthquake ruptures across step-overs,"MB Yikilmaz, DL Turcotte, EM Heien, LH Kellogg, JB Rundle",Pure and Applied Geophysics,"172 (8), 2195-2201",4,2015,4.8094E+17,eq2jaN3J8jMC,"MB Yıkılmaz, DL Turcotte, EM Heien, LH Kellogg, JB Rundle",2015
CRUSTA: A NEW VIRTUAL GLOBE ENABLING REMOTE GEOLOGIC MAPPING,"TS Bernardin, LH Kellogg",,2010 GSA Denver Annual Meeting,0,2010,NA,nb7KW1ujOQ8C,TS BERNARDIN,2010
Crusta: A new virtual globe for real-time visualization of sub-meter digital topography at planetary scales,"T Bernardin, ES Cowgill, O Kreylos, C Bowles, P Gold, B Hamann, LH Kellogg",Computers & Geosciences,"37 (1), 75-85",33,2011,1.45554E+18,mVmsd5A6BfQC,"T Bernardin, E Cowgill, O Kreylos, C Bowles, P Gold, B Hamann, ...",2011
Crusta: Visualizing High-resolution Global Data,"TS Bernardin, O Kreylos, CJ Bowles, ES Cowgill, B Hamann, LH Kellogg",AGU Fall Meeting Abstracts,,0,2009,NA,3s1wT3WcHBgC,"TS Bernardin, O Kreylos, CJ Bowles, E Cowgill, B Hamann, LH Kellogg",2009
Cultural and Technological Issues and Solutions for Geodynamics Software Citation,"EM Heien, LJ Hwang, AE Fish, MK Smith, J Dumit, LH Kellogg",AGU Fall Meeting Abstracts,,0,2014,NA,yB1At4FlUx8C,"EM Heien, L Hwang, AE Fish, M Smith, J Dumit, LH Kellogg",2014
Curvature-based crease surfaces for wave visualization,"G Aldrich, A Gimenez, ME Oskin, R Strelitz, J Woodring, LH Kellogg, B Hamann",,,0,2014,NA,35r97b3x0nAC,"G Aldrich, A Gimenez, M Oskin, R Strelitz, J Woodring, LH Kellogg, ...",2014
Damage formation associated with bending under a constant moment,"DM Manaker, DL Turcotte, LH Kellogg",Tectonophysics,"433 (1-4), 81-95",5,2007,6.43865E+18,ZeXyd9-uunAC,"DM Manaker, DL Turcotte, LH Kellogg",2007
Deformation in the Los Angeles Basin and Transverse Ranges: Comparison of Finite Element Model Velocities With Geodetic Velocities Observed by SCIGN,"MT Glasscoe, LH Kellogg",AGU Fall Meeting Abstracts,,0,2002,NA,a0OBvERweLwC,"MT Glasscoe, LH Kellogg",2002
Deformation of tracers in isoviscous 3D flows with applications to mantle mixing,"NS Conjeepuram, LH Kellogg",AGU Fall Meeting Abstracts,,0,2006,NA,35N4QoGY0k4C,"N Conjeepuram, LH Kellogg",2006
Degree-2 in the Transition Zone and Near the CMB: Bottom up Tectonics?,"R Arevalo, A Ghosh, V Lekic, VC Tsai, AM Dziewonski, LH Kellogg, J Matas, WR Panero, B Romanowicz",AGU Fall Meeting Abstracts,,0,2008,NA,mB3voiENLucC,"R Arevalo, A Ghosh, V Lekic, VC Tsai, AM Dziewonski, LH Kellogg, ...",2008
Discontinuous Galerkin (DG) Method for solving time dependent convection-diffusion type temperature equation: Demonstration and Comparison with Other Methods in the Mantle …,"Y He, EG Puckett, MI Billen, LH Kellogg",AGU Fall Meeting Abstracts,,0,2016,NA,PoWvk5oyLR8C,"Y He, EG Puckett, MI Billen, LH Kellogg",2016
Donald L. Turcotte: Geodynamics and the drivers of plate tectonics,LH Kellogg,AGU Fall Meeting Abstracts,,0,2018,NA,IRz6iEL74y4C,LH Kellogg,2018
Dynamic effects of a step-wise increase in thermal conductivity and viscosity in the lowermost mantle,"JB Naliboff, LH Kellogg",Geophysical research letters,33 (12),27,2006,9.91128E+18,UebtZRa9Y70C,"JB Naliboff, LH Kellogg",2006
Dynamical effects of increases in viscosity and thermal conductivity in the lowermost 1000 km of the mantle.,"JB Naliboff, LH Kellogg",AGU Fall Meeting Abstracts,,0,2005,NA,ZHo1McVdvXMC,"JB Naliboff, LH Kellogg",2005
Dynamics of the Earth's Deep Interior: Understanding convection in the mantle from numerical models and observations,LH Kellogg,APS March Meeting Abstracts,,0,2003,NA,dfsIfKJdRG4C,L Kellogg,2003
"Earthquake behavior of the Enriquillo fault zone, Haiti revealed by interactive terrain visualization","ES Cowgill, TS Bernardin, ME Oskin, CJ Bowles, MB Yikilmaz, O Kreylos, AJ Elliott MS Bishop, RD Gold, A Morelan, GW Bawden, B Hamann, LH Kellogg",AGU Fall Meeting Abstracts,,0,2010,NA,JV2RwH3_ST0C,"E Cowgill, TS Bernardin, ME Oskin, CJ Bowles, MB Yikilmaz, O Kreylos, ...",2010
Earthquake cycles on the San Andreas fault system in northern California,"MB Yikilmaz, DL Turcotte, O Beketova, LH Kellogg, JB Rundle",International Symposium on Geodesy for Earthquake and Natural Hazards (GENAH …,,2,2015,1.27286E+17,7T2F9Uy0os0C,"MB Yıkılmaz, DL Turcotte, O Beketova, LH Kellogg, JB Rundle",2015
Earthquake precursors: activation or quiescence?,"JB Rundle, JR Holliday, M Yoder, MK Sachs, A Donnellan, DL Turcotte, KF Tiampo, W Klein, LH Kellogg",Geophysical Journal International,"187 (1), 225-236",30,2011,1.79684E+19,u9iWguZQMMsC,"JB Rundle, JR Holliday, M Yoder, MK Sachs, A Donnellan, DL Turcotte, ...",2011
Earthquake Simulations and Historical Patterns of Events: Forecasting the Next Great Earthquake in California,"MK Sachs, JB Rundle, EM Heien, DL Turcotte, MB Yikilmaz, LH Kellogg",AGU Fall Meeting Abstracts,,0,2013,NA,5awf1xo2G04C,"MK Sachs, JB Rundle, EM Heien, DL Turcotte, M Yikilmaz, LH Kellogg",2013
Effect of mantle plumes on the growth of D” by reaction between the core and mantle,"LH Kellogg, SD King",Geophysical research letters,"20 (5), 379-382",87,1993,1.3979E+19,IjCSPb-OGe4C,"LH Kellogg, SD King",1993
Effect of variable heat production on the thermal evolution of the mantle,"LH Kellogg, S Ferrachat, CS Natarajan",AGU Fall Meeting Abstracts,,0,2003,NA,kuK5TVdYjLIC,"LH Kellogg, S Ferrachat, CS Natarajan",2003
Effects of dynamic triggering on patterns of seismicity in Virtual California earthquake simulation,"MB Yikilmaz, DL Turcotte, G Yakovlev, JB Rundle, LH Kellogg",AGU Fall Meeting Abstracts,,0,2009,NA,bFI3QPDXJZMC,"MB Yikilmaz, DL Turcotte, G Yakovlev, JB Rundle, LH Kellogg",2009
Enabling scientific workflows in virtual reality,"O Kreylos, GW Bawden, T Bernardin, MI Billen, ES Cowgill, RD Gold, B Hamann, MA Jadamec, LH Kellogg, OG Staadt, DY Sumnder",Proceedings of the,2006 ACM international conference on Virtual reality …,61,2006,3.8969E+18,roLk4NBRz8UC,"O Kreylos, G Bawden, T Bernardin, MI Billen, ES Cowgill, RD Gold, ...",2006
Environment-Independent 3D Visualization Software for Geo-Science Applications,"O Kreylos, MI Billen, LH Kellogg, B Hamann, DY Sumner, O Staadt, MA Jadamec",AGU Fall Meeting Abstracts,,0,2006,NA,cFHS6HbyZ2cC,"O Kreylos, MI Billen, LH Kellogg, B Hamann, DY Sumner, O Staadt, ...",2006
"Estimates of Recent Horizontal Strain from GPS in the White Wolf Fault Region, California.","DM Manaker, GW Bawden, LH Kellogg",AGU Fall Meeting Abstracts,,0,2001,NA,blknAaTinKkC,"DM Manaker, GW Bawden, LH Kellogg",2001
"Evidence of strain partitioning between the Sierra Madre fault and the Los Angeles Basin, southern California from numerical models","MT Glasscoe, A Donnellan, LH Kellogg, GA Lyzenga",Computational Earthquake Science Part II,2343-2357,1,2004,1.07558E+19,zA6iFVUQeVQC,"MT Glasscoe, A Donnellan, LH Kellogg, GA Lyzenga",2004
Experiences with automated build and test for geodynamics simulation codes,"EM Heien, TL Miller, B Gietzel, LH Kellogg",arXiv preprint arXiv:,:1309.1199,3,2013,1.73184E+19,_B80troHkn4C,"EM Heien, TL Miller, B Gietzel, LH Kellogg",2013
Exploration of time-dependent paleoceanographic flow data in virtual reality,"R Westerteiger, G Streletz, O Kreylos, GA Gebbie, HJ Spero, LH Kellogg, A Gerndt, B Hamann, H Hagen",,,0,NA,NA,dTyEYWd-f8wC,"R Westerteiger, G Streletz, O Kreylos, GA Gebbie, HJ Spero, LH Kellogg, ...",2013
Exploring Tensor Fields Using a Fabric Like Texture on Arbitrary Surfaces,"I Hotz, ZL Feng, B Hamann, DM Manaker, NS Conjeepuram, LH Kellogg",AGU Fall Meeting Abstracts,,0,2005,NA,pyW8ca7W8N0C,"I Hotz, ZL Feng, B Hamann, DM Manaker, NS Conjeepuram, LH Kellogg",2005
Exploring the effect of variable material properties at depth on deep mantle convection,"JB Naliboff, LH Kellogg, DL Turcotte",AGU Fall Meeting Abstracts,,0,2003,NA,dshw04ExmUIC,"JB Naliboff, LH Kellogg, DL Turcotte",2003
Extracting and visualizing structural features in environmental point cloud LiDaR data sets,"P Keller, O Kreylos, M Vanco, M Hering-Bertram, ES Cowgill, LH Kellogg, B Hamann, H Hagen",Topological Methods in Data Analysis and Visualization,179-192,13,2011,9.30241E+18,2P1L_qKh6hAC,"P Keller, O Kreylos, M Vanco, M Hering-Bertram, ES Cowgill, LH Kellogg, ...",2011
Extraction of Features from High-resolution 3D LiDaR Point-cloud Data,"P Keller, O Kreylos, B Hamann, LH Kellogg, ES Cowgill, MB Yikilmaz, M Hering-Bertram, H Hagen",AGU Fall Meeting Abstracts,,2,2008,1.17952E+19,yD5IFk8b50cC,"P Keller, O Kreylos, B Hamann, LH Kellogg, ES Cowgill, MB Yikilmaz, ...",2008
Fast cleaning in the deep,LH Kellogg,Nature,"371, 656",0,1994,NA,g5m5HwL7SMYC,LH Kellogg,1994
"Fault interaction in the Los Angeles Basin and Transverse Ranges, southern California, from elastic half-space and viscoelastic finite element models","MT Glasscoe, LH Kellogg, GA Lyzenga, A Donnellan",,,0,NA,NA,GnPB-g6toBAC,"MT Glasscoe, LH Kellogg, GA Lyzenga, A Donnellan",2002
Flexure with damage,"DM Manaker, DL Turcotte, LH Kellogg",Geophysical Journal International,"166 (3), 1368-1383",4,2006,1.79418E+19,qxL8FJ1GzNcC,"DM Manaker, DL Turcotte, LH Kellogg",2006
Flow-Based Ocean Reconstructions from Sparse Observations,"GJ Streletz, G Gebbie, B Hamann, O Kreylos, LH Kellogg, HJ Spero",AGU Fall Meeting Abstracts,,0,2013,NA,JoZmwDi-zQgC,"GJ Streletz, G Gebbie, B Hamann, O Kreylos, LH Kellogg, HJ Spero",2013
Fostering successful scientific software communities,"W Bangerth, T Heister, LJ Hwang, LH Kellogg",AGU Fall Meeting Abstracts,,0,2016,NA,q3CdL3IzO_QC,"W Bangerth, T Heister, L Hwang, LH Kellogg",2016
From outcrop to flow simulation: Constructing discrete fracture models from a LIDAR survey,"CE Wilson, A Aydin, M Karimi-Fard, LJ Durlofsky, S Amir, EE Brodsky, O Kreylos, LH Kellogg",AAPG bulletin,"95 (11), 1883-1905",56,2011,1.01587E+19,pqnbT2bcN3wC,"CE Wilson, A Aydin, M Karimi-Fard, LJ Durlofsky, S Amir, EE Brodsky, ...",2011
From the Exoplanetary Bestiary to the Exoplanetary Zoo,"CT Unterborn, WR Panero, LP Stixrude, LH Kellogg, CR Lithgow-Bertelloni, MR Diamond",AGU Fall Meeting Abstracts,,0,2014,NA,uJ-U7cs_P_0C,"CT Unterborn, WR Panero, LP Stixrude, LH Kellogg, ...",2014
"GEM plate boundary simulations for the Plate Boundary Observatory: A program for understanding the physics of earthquakes on complex fault networks via observations, theory and …","JB Rundle, PB Rundle, W Klein, JDS Martins, KF Tiampo, A Donnellan,  LH Kellogg","Earthquake Processes: Physical Modelling, Numerical Simulation and Data …",,34,2002,1.71376E+19,8k81kl-MbHgC,"JB Rundle, PB Rundle, W Klein, JDS Martins, KF Tiampo, A Donnellan, ...",2002
Generic earthquake simulator,"TE Tullis, KB Richards-Dinger, M Barall, JH Dieterich, EH Field, EM Heien, LH Kellogg, FF Pollitz, JB Rundle, MK Sachs, DL Turcotte, SN Ward, MB Yikilmaz",Seismological Research Letters,"83 (6), 959-963",30,2012,6.42473E+18,bnK-pcrLprsC,"TE Tullis, K Richards‐Dinger, M Barall, JH Dieterich, EH Field, EM Heien, ...",2012
"Geodetic measurements of four decades of horizontal strain near the White Wolf fault, Southern California","GW Bawden, A Donnellan, LH Kellogg, D Dong, JB Rundle",,,4,1994,6.06749E+18,L8Ckcad2t8MC,"G Bawden, A Donnellan, L Kellogg, D Dong, J Rundle",1994
"Geodetic measurements of horizontal strain near the White Wolf fault, Kern County, California, 1926–1993","GW Bawden, A Donnellan, LH Kellogg, D Dong, JB Rundle",Journal of Geophysical Research: Solid Earth,"102 (B3), 4957-4967",26,1997,1.45672E+19,hqOjcs7Dif8C,"GW Bawden, A Donnellan, LH Kellogg, D Dong, JB Rundle",1997
"Geoid anomalies and dynamic topography from time-dependent, spherical axisymmetric mantle convection","WS Kiefer, LH Kellogg",Physics of the earth and planetary interiors,"106 (3-4), 237-256",25,1998,1.1924E+19,0EnyYjriUFMC,"WS Kiefer, LH Kellogg",1998
GEOMORPHIC CONTROLS ON FLUVIAL TRAVERTINE MORPHOLOGY,"JL Florsheim, YS Cai, BF Di, P He, CM Huang, J Li, LH Kellogg, X Qiao, DY Sumner, SL Ustin, H Xinxin, Y Tang, MH Zhang",,2009 Portland GSA Annual Meeting,0,2009,NA,abG-DnoFyZgC,"JL FLORSHEIM, YS CAI, BF DI, P HE, CM HUANG, J LI, LH KELLOGG, ...",2009
"Growing the Earth's D""ayer: Effect of density variations at the core-mantle boundary",LH Kellogg,Geophysical research letters,"24 (22), 2749-2752",29,1997,8.72665E+18,LkGwnXOMwfcC,LH Kellogg,1997
Heating and Cooling in Small Undifferentiated Planetary Interiors,"LH Kellogg, M Weisfeiler, DL Turcotte",AGU Fall Meeting Abstracts,,0,2015,NA,Z5m8FVwuT1cC,"LH Kellogg, M Weisfeiler, DL Turcotte",2015
Heterogeneity in the lower mantle: Constraints from numerical models and chemical geodynamics,LH Kellogg,GEOCHIMICA ET COSMOCHIMICA ACTA,"66 (15 A), A391-A391",0,2002,NA,Y5dfb0dijaUC,LH KELLOGG,2002
High Rayleigh number thermo-chemical models of a dense boundary layer in D ″,"NL Montague, LH Kellogg, M Manga",Geophysical research letters,"25 (13), 2345-2348",36,1998,9.34976E+18,eQOLeE2rZwMC,"NL Montague, LH Kellogg, M Manga",1998
Homogenization of the mantle by convective mixing and diffusion,"LH Kellogg, DL Turcotte",Earth and planetary science letters,"81 (4), 371-378",56,1987,1.6377E+19,YsMSGLbcyi4C,"LH Kellogg, DL Turcotte",1987
How fast do small things move into and out of our world?,LH Kellogg,AGU Fall Meeting Abstracts,,0,2018,NA,WJVC3Jt7v1AC,LH Kellogg,2018
Immersive Visual Data Analysis For Geoscience Using Commodity VR Hardware,"O Kreylos, LH Kellogg",AGU Fall Meeting Abstracts,,0,2017,NA,4fGpz3EwCPoC,"O Kreylos, LH Kellogg",2017
Immersive visualization and analysis of LiDAR data,"O Kreylos, GW Bawden, LH Kellogg",International Symposium on Visual Computing,846-855,81,2008,1.18545E+19,Zph67rFs4hoC,"O Kreylos, GW Bawden, LH Kellogg",2008
Implications of a reservoir model for the evolution of deep carbon,"LH Kellogg, M Weisfeiler, DL Turcotte",AGU Fall Meeting Abstracts,,0,2016,NA,ruyezt5ZtCIC,"LH Kellogg, M Weisfeiler, DL Turcotte",2016
Implications of isotope data for the origin of the Moon,"DL Turcotte, LH Kellogg",Origin of the Moon,311-329,14,1986,3.78405E+18,kNdYIx-mwKoC,"DL Turcotte, LH Kellogg",1986
Improving Particle Integration Efficiency in Mantle Convection Simulation by Combining Numerical Integration Techniques,"EM Javan, EH Studley, EM Heien, LH Kellogg",AGU Fall Meeting Abstracts,,0,2012,NA,uLbwQdceFCQC,"EM Javan, EH Studley, EM Heien, LH Kellogg",2012
Integrating NASA Space Geodetic Observations with Numerical Simulations of a Changing Earth,"JB Rundle, LH Kellogg, KF Tiampo, W Klein, PB Rundle",,,0,NA,NA,bEWYMUwI8FkC,"JB Rundle, LH Kellogg, KF Tiampo, W Klein, PB Rundle",2002
Interaction of plumes with a compositional boundary at 670 km,LH Kellogg,Geophysical Research Letters,"18 (5), 865-868",42,1991,6.21101E+18,WF5omc3nYNoC,LH Kellogg,1991
Interactive 3D Visualization of the Great Lakes of the World (GLOW) as a Tool to Facilitate Informal Science Education,"MB Yikilmaz, CL Harwood, S Hsi, LH Kellogg, O Kreylos, J McDermott, B Pellett, SG Schladow, HM Segale, S Yalowitz",AGU Fall Meeting Abstracts,,0,2013,NA,hkOj_22Ku90C,"M Yikilmaz, CL Harwood, S Hsi, LH Kellogg, O Kreylos, J McDermott, ...",2013
Interactive editing of digital fault models,"J Van Aalsburg, MB Yikilmaz, O Kreylos, LH Kellogg, JB Rundle",Concurrency and Computation: Practice and Experience,"22 (12), 1720-1731",5,2010,9.98297E+17,aqlVkmm33-oC,"J Van Aalsburg, MB Yikilmaz, O Kreylos, LH Kellogg, JB Rundle",2010
INTERACTIVE IMMERSIVE VISUALIZATION OF GEOSCIENCE DATA,"O Kreylos, GW Bawden, MI Billen, ES Cowgill, B Hamann, MA Jadamec, LH Kellogg, OG Staadt, DY Sumner",,,0,2007,NA,TQgYirikUcIC,"O KREYLOS, GW BAWDEN, MI BILLEN, E COWGILL, B HAMANN, ...",2007
Interactive terrain visualization enables virtual field work during rapid scientific response to the 2010 Haiti earthquake,"ES Cowgill, TS Bernardin, ME Oskin, C Bowles, MB Yikilmaz, O Kreylos, AJ Elliott, S Bishop, RD Gold, A Morelan, GW Bawden, B Hamann, LH Kellogg",Geosphere,"8 (4), 787-804",26,2012,6.12051E+18,geHnlv5EZngC,"E Cowgill, TS Bernardin, ME Oskin, C Bowles, MB Yıkılmaz, O Kreylos, ...",2012
Interactive visualization to advance earthquake simulation,"LH Kellogg, GW Bawden, T Bernardin, MI Billen, ES Cowgill, B Hamann, MA Jadamec, O Kreylos, O Staadt, DY Sumner",Pure and Applied Geophysics,"165 (3-4), 621-633",20,2008,5.89776E+18,4TOpqqG69KYC,"LH Kellogg, GW Bawden, T Bernardin, M Billen, E Cowgill, B Hamann, ...",2008
Interpolating sparse scattered data using flow information,"GJ Streletz, G Gebbie, O Kreylos, B Hamann, LH Kellogg, HJ Spero",Journal of computational science,"16, 156-169",1,2016,1.57481E+19,4MWp96NkSFoC,"GJ Streletz, G Gebbie, O Kreylos, B Hamann, LH Kellogg, HJ Spero",2016
Interpolating Sparse Scattered Oceanographic Data Using Flow Information,"GJ Streletz, G Gebbie, HJ Spero, O Kreylos, LH Kellogg, B Hamann","AGU Fall Meeting Abstracts, page A",1576,1,2012,1.80994E+19,kzcrU_BdoSEC,"GJ Streletz, G Gebbie, HJ Spero, O Kreylos, LH Kellogg, B Hamann",2012
Introducing critical observation skills using NASA's Mars exploration program in a small introductory class,"LH Kellogg, RA Zierenberg",Journal of Geoscience Education,"55 (5), 396-401",2,2007,1.75783E+18,_Re3VWB3Y0AC,"LH Kellogg, RA Zierenberg",2007
Isotopic consequences of chaotic mantle mixing,"DL Turcotte, LH Kellogg",Chemical Geology,"70, 57",1,1988,1.6247E+19,CHSYGLWDkRkC,"DL Turcotte, LH Kellogg",1988
Isotopic modeling of the evolution of the mantle and crust,"DL Turcotte, LH Kellogg",Reviews of Geophysics,"24 (2), 311-328",33,1986,1.5083E+19,_FxGoFyzp5QC,"DL Turcotte, LH Kellogg",1986
KECKCAVES: ENABLING INTERACTIVE VISUAL EXPLORATION IN VIRTUAL REALITY FOR THE GEOSCIENCES,"LH Kellogg, T Bernardin, MI Billen, ES Cowgill, J Crutchfield, AJ Elliott, B Hamann, CL Harwood, O Kreylos, DY Sumner",,2011 GSA Annual Meeting in Minneapolis,0,2011,NA,EUQCXRtRnyEC,"LH KELLOGG, T BERNARDIN, MI BILLEN, E COWGILL, ...",2011
Laboratory Experiments to Unravel Inner Secrets of Continents,"TL Grove, JI Lunine, NJ Fox, SD Rudlosky, DJM Schertzer, PA Fox, JM Balbus, K Hayhoe, RB Alley, JS Famiglietti, KM Larson, LH Kellogg, RS Stein, C Carona, H Steltzer, HM Haney, E Valdez-Ward, S Saha, SM Som, TC Osborne",AGU Fall Meeting Abstracts,,0,2018,NA,mlAyqtXpCwEC,"TL Grove, JI Lunine, NJ Fox, SD Rudlosky, DJM Schertzer, PA Fox, ...",2018
LAKEVIZ: 3D VISUALIZATION OF LAKE ENVIRONMENTS TO IMPROVE LEARNING IN INFORMAL SCIENCE SETTINGS,"CL Harwood, P Gold, LH Kellogg, O Kreylos, SG Schladow, H Segale, S Yalowitz, MB Yikilmaz",,2012 GSA Annual Meeting in Charlotte,0,2012,NA,5Ul4iDaHHb8C,"CL HARWOOD, P GOLD, LH KELLOGG, O KREYLOS, SG SCHLADOW, ...",2012
Lighting Talk-ASPECT: Hackathons as an Example of Sustaining an Open Source Community,"LJ Hwang, W Bangerth, T Heister, LH Kellogg",CEUR Workshop Proceedings,1686,0,2016,NA,YohjEiUPhakC,"LJ Hwang, W Bangerth, T Heister, L Kellogg",2016
Mantle convection benchmarking in a 3D spherical shell: on the transitional behavior of polyhedral pattern formations,"PA Arrial, N Flyer, GB Wright, LH Kellogg",AGU Fall Meeting Abstracts,,0,2013,NA,ye4kPcJQO24C,"P Arrial, N Flyer, GB Wright, LH Kellogg",2013
Mantle Convection Simulations using the Hybridized Discontinuous Galerkin Method,"RK Kommu, EG Puckett, EM Heien, LH Kellogg",AGU Fall Meeting Abstracts,,0,2014,NA,9Nmd_mFXekcC,"RK Kommu, EG Puckett, EM Heien, LH Kellogg",2014
Mantle Heterogeneity: Length Scales and Correlations,"JG Konter, J Kellogg, SR Hart, LH Kellogg, BA Romanowicz, TW Becker",AGU Fall Meeting Abstracts,,0,2009,NA,b0M2c_1WBrUC,"JG Konter, J Kellogg, SR Hart, LH Kellogg, BA Romanowicz, TW Becker",2009
Mantle mixing and the origin and persistence of geochemical reservoirs,"LH Kellogg, CS Natarajan, DL Turcotte",Geochimica et Cosmochimica Acta Supplement,"72, A461",1,2008,1.08649E+19,IWHjjKOFINEC,"LH Kellogg, CS Natarajan, DL Turcotte",2008
Mantle mixing in 3D: Using strain markers to model persistence and scales of heterogeneity,"LH Kellogg, CS Natarajan, DL Turcotte",Geochimica et Cosmochimica Acta Supplement,"73, A636",0,2009,NA,vV6vV6tmYwMC,"LH Kellogg, CS Natarajan, DL Turcotte",2009
Mantle mixing revisited: The influence of viscosity and implications for chemical geodynamics,"LH Kellogg, DL Turcotte",AGU Fall Meeting Abstracts,,0,2007,NA,j3f4tGmQtD8C,"LH Kellogg, DL Turcotte",2007
"Mantle mixing, lateral transport, and isotopic heterogeneity at the subplate scale","MA McLay, LH Kellogg",AGU Fall Meeting Abstracts,,0,2002,NA,NhqRSupF_l8C,"MA McLay, LH Kellogg",2002
Mapping the core-mantle boundary,LH Kellogg,Science,"277 (5326), 646-646",1,1997,1.78397E+19,OU6Ihb5iCvQC,LH Kellogg,1997
"Mapping the El Mayor-Cucapah Earthquake Rupture Using Crusta, a New Virtual Globe for Remote Field Studies","TS Bernardin, PO Gold, AJ Elliott, ME Oskin, ES Cowgill, O Kreylos, B Hermann, LH Kellogg",AGU Fall Meeting Abstracts,,0,2010,NA,uWQEDVKXjbEC,"TS Bernardin, PO Gold, AJ Elliott, ME Oskin, E Cowgill, O Kreylos, ...",2010
Mixing and the distribution of heterogeneities in a chaotically convecting mantle,"LH Kellogg, DL Turcotte",Journal of Geophysical Research: Solid Earth,"95 (B1), 421-432",116,1990,1.47041E+19,UeHWp8X0CEIC,"LH Kellogg, DL Turcotte",1990
Mixing by chaotic convection in an infinite Prandtl number fluid and implications for mantle convection,"LH Kellogg, CA Stewart",Physics of Fluids A: Fluid Dynamics,"3 (5), 1374-1378",20,1991,1.68453E+18,MXK_kJrjxJIC,"LH Kellogg, CA Stewart",1991
Mixing by thermal convection in a spherical shell and the persistence of mantle reservoirs,"LH Kellogg, EM Heien",AGU Fall Meeting Abstracts,,0,2013,NA,ZuybSZzF8UAC,"LH Kellogg, EM Heien",2013
Mixing in a convecting viscous fluid: Applications to the Earth's mantle,"JB Naliboff, LH Kellogg",,3rd MIT Conference on Computational Fluid and Solid Mechanics,0,2005,NA,kh2fBNsKQNwC,"JB Naliboff, LH Kellogg",2005
Mixing in the mantle,LH Kellogg,Annual Review of Earth and Planetary Sciences,"20 (1), 365-388",36,1992,1.37266E+19,ufrVoPGSRksC,LH Kellogg,1992
Modeling the early evolution of Vesta,"M Weisfeiler, DL Turcotte, LH Kellogg",Meteoritics & Planetary Science,"52 (5), 859-868",2,2017,2.29444E+18,#NAME?,"M Weisfeiler, DL Turcotte, LH Kellogg",2017
"Monitoring Earthquake Fault Slip from Space: Model Implications for a High Precision, High Resolution Dedicated Gravity Mission","JB Rundle, MK Sachs, KF Tiampo, J Fernandez, DL Turcotte, A Donnellan, EM Heien, LH Kellogg",AGU Fall Meeting Abstracts,,0,2013,NA,N5tVd3kTz84C,"JB Rundle, MK Sachs, KF Tiampo, J Fernandez, DL Turcotte, A Donnellan, ...",2013
Moving lithospheric modeling forward: Attributes of a community computer code,"CM Cooper, E Mittelstaedt, CA Currie, J Van Wijk, LH Kellogg, LJ Hwang,  R Arrowsmith",GSA Today,"25 (6), 42-43",0,2015,NA,LI9QrySNdTsC,"CM Cooper, E Mittelstaedt, CA Currie, J Van Wijk, LH Kellogg, L Hwang, ...",2015
"New Approaches to Data Collection and Analysis Using Virtual-Reality Based Data Visualization Tools 3D Visualizer, Crusta, and Lidar Viewer at Keckcaves","AM Forte, ES Cowgill, LH Kellogg, ME Oskin, O Kreylos, T Bernardin, MI Billen, P Gold, MA Jadamec, T Mackey, E Steven, DY Sumner",,,0,NA,NA,tKAzc9rXhukC,"AM Forte, E Cowgill, LH Kellogg, M Oskin, O Kreylos, T Bernardin, ...",2014
New frontiers in fault model visualization and interaction,"J Van Aalsburg, MB Yikilmaz, O Kreylos, LH Kellogg, JB Rundle",AGU Fall Meeting Abstracts,,2,2009,1.82859E+19,hC7cP41nSMkC,"J Van Aalsburg, MB Yikilmaz, O Kreylos, LH Kellogg, JB Rundle",2009
New numerical approaches for modeling thermochemical convection in a compositionally stratified fluid,"EG Puckett, DL Turcotte, Y He, HV Lokavarapu, JM Robey, LH Kellogg",Physics of the Earth and Planetary Interiors,"276, 10-35",3,2018,1.78442E+19,WZBGuue-350C,"EG Puckett, DL Turcotte, Y He, H Lokavarapu, JM Robey, LH Kellogg",2018
New Numerical Approaches To thermal Convection In A Compositionally Stratified Fluid,"EG Puckett, DL Turcotte, LH Kellogg, HV Lokavarapu, Y He, JM Robey",AGU Fall Meeting Abstracts,,0,2016,NA,HbR8gkJAVGIC,"EG Puckett, DL Turcotte, LH Kellogg, HV Lokavarapu, Y He, J Robey",2016
New visualization techniques to analyze ultra-high resolution four-dimensional surface deformation imagery collected with ground-based tripod LiDAR,"O Kreylos, GW Bawden, LH Kellogg",AGU Fall Meeting Abstracts,,2,2005,2.23459E+18,4DMP91E08xMC,"O Kreylos, GW Bawden, LH Kellogg",2005
New Visualization Techniques to Analyze Ultra-High Resolution Three-and Four-Dimensional Airborne and Tripod LiDAR Point-Cloud Data,"O Kreylos, GW Bawden, LH Kellogg",AGU Fall Meeting Abstracts,,3,2007,4.86152E+18,M3ejUd6NZC8C,"O Kreylos, GW Bawden, LH Kellogg",2007
Numerical modeling of chemically buoyant mantle plumes at spreading ridges,"MA Feighner, LH Kellogg, BJ Travis",Geophysical Research Letters,"22 (6), 715-718",49,1995,4.87471E+18,Tyk-4Ss8FVUC,"MA Feighner, LH Kellogg, BJ Travis",1995
"Numerical models of a dense layer at the base of the mantle and implications for the geodynamics of D""","NL Montague, LH Kellogg",Journal of Geophysical Research: Solid Earth,"105 (B5), 11101-11114",53,2000,1.79837E+19,zYLM7Y9cAGgC,"NL Montague, LH Kellogg",2000
Numerical models of thermo-chemical convection in the Earth's mantle,LH Kellogg,APS Meeting Abstracts,,0,1997,NA,RHpTSmoSYBkC,L Kellogg,1997
Numerical Simulations of Falling Sphere Viscometry Experiments.,"L O Dwyer, LH Kellogg, CE Lesher",AGU Fall Meeting Abstracts,,0,2007,NA,NaGl4SEjCO4C,"L O Dwyer, LH Kellogg, CE Lesher",2007
On the Instability of Classical Steady-State Solutions for Mantle Convection in 3D Spherical Shells,"N Flyer, GB Wright, PA Arrial, LH Kellogg",AGU Fall Meeting Abstracts,,0,2011,NA,B3FOqHPlNUQC,"N Flyer, GB Wright, P Arrial, LH Kellogg",2011
On the sensitivity of 3-D thermal convection codes to numerical discretization: a model intercomparison,"PA Arrial, N Flyer, GB Wright, LH Kellogg",,,4,2014,1.71747E+19,W5xh706n7nkC,"PA Arrial, N Flyer, GB Wright, LH Kellogg",2014
"OPEN-SOURCE VIRUTAL-REALITY BASED DATA VISUALIZATION TOOLS FOR RESEARCH AND TEACHING: 3D VISUALIZER, CRUSTA, AND LIDARVIEWER AT KECKCAVES","AM Forte, LH Kellogg, O Kreylos, MB Yikilmaz, ME Oskin, ES Cowgill, MI Billen, D Sumner, AJJ Elliot",,2013 GSA Annual Meeting in Denver,0,2013,NA,tkaPQYYpVKoC,"AM FORTE, LH KELLOGG, O KREYLOS, MB YIKILMAZ, M OSKIN, ...",2013
Optimizing Advection of Tracer Particles in Fluid Dynamic Processes with Variable Numerical Integration Methods,"EM Javan, EM Heien, LH Kellogg",AGU Fall Meeting Abstracts,,0,2013,NA,WqliGbK-hY8C,"EM Javan, EM Heien, LH Kellogg",2013
Papers on Geodesy and Gravity Tectonophysics-Quantifying mixing and age variations of heterogeneities in models of mantle convection: Role of depth-dependent viscosity (Paper …,"DL Hunt, LH Kellogg",Journal of Geophysical Research-Part B-Solid Earth,"106 (4), 6747-6760",0,2001,NA,XvxMoLDsR5gC,"DL Hunt, LH Kellogg",2001
Parallelization of the Virtual California earthquake simulator,"EM Heien, MB Yikilmaz, MK Sachs, JB Rundle, LH Kellogg, DL Turcotte",International Conference on Computational ScienceICCS,,1,2011,3.4995E+18,AvfA0Oy_GE0C,"EM Heien, MB Yikilmaz, MK Sachs, JB Rundle, KLH LouiseH, DL Turcotte",2011
Performance benchmarks for a next generation numerical dynamo model,"H Matsui, EM Heien, J Aubert, JM Aurnou, M Avery, B Brown, BA Buffett, F Busse, UR Christensen, CJ Davies, N Featherstone, T Gastine, GA Glatzmaier, D Gubbins, J-L Guermond, Y-Y Hayashi, R Hollerbach, LJ Hwang, A Jackson, CA Jones, W Jiang, LH Kellogg, W Kuang, M Landeau, P Marti, P Olson, A Ribeiro, Y Sasaki, N Schaeffer, RD Simitev, A Sheyko, L Silva, S Stanley, F Takahashi, S-I Takehiro, J Wicht, AP Willis","Geochemistry, Geophysics, Geosystems","17 (5), 1586-1607",34,2016,1.0825E+18,BUYA1_V_uYcC,"H Matsui, E Heien, J Aubert, JM Aurnou, M Avery, B Brown, BA Buffett, ...",2016
Point-based computing on scanned terrain with LidarViewer,"O Kreylos, ME Oskin, ES Cowgill, P Gold, A Elliott, LH Kellogg",Geosphere,"9 (3), 546-556",7,2013,9.60944E+18,AXPGKjj_ei8C,"O Kreylos, M Oskin, E Cowgill, P Gold, A Elliott, L Kellogg",2013
Post-Earthquake Geology in the ERA of Ubiquitous Point Clouds,"ME Oskin, R Arrowsmith, E Nissen, AE Morelan III, CC Trexler, PO Gold, AJ Elliott, CJ Crosby, LH Kellogg",AGU Fall Meeting Abstracts,,0,2015,NA,KUbvn5osdkgC,"ME Oskin, R Arrowsmith, E Nissen, AE Morelan III, CC Trexler, PO Gold, ...",2015
Pre-filtering of turbulent vector fields in the geodynamo,"P Ruediger, C Weber, H Matsui, EM Heien, LH Kellogg, B Hamann, H Hagen",,,0,NA,NA,BwyfMAYsbu0C,"P Rüdiger, C Weber, H Matsui, E Heien, LH Kellogg, B Hamann, H Hagen",2015
Preliminary Holocene History of Fault Slip for the Mojave Section of the San Andreas Fault,"T Compton, ES Cowgill, KM Scharer, RD Gold, R Westerteiger, T Bernardin, LH Kellogg",AGU Fall Meeting Abstracts,,0,2012,NA,_Ybze24A_UAC,"T Compton, E Cowgill, KM Scharer, RD Gold, R Westerteiger, ...",2012
Preliminary Results From SCEC Earthquake Simulator Comparison Project,"TE Tullis, M Barall, KB Richards-Dinger, SN Ward, EM Heien, O Zielke, F Politz, JH Dieterich, JB Rundle, MB Yikilmaz, DL Turcotte, LH Kellogg",AGU Fall Meeting Abstracts,,0,2010,NA,fPk4N6BV_jEC,"T Tullis, M Barall, KB Richards-Dinger, SN Ward, E Heien, O Zielke, ...",2010
Probing the lower mantle composition and thermal structure: Insights from D``,"SM Campbell, B Ko, AF Holt, C Gao, D Frost, H Karaoglu, H Lai, K Yuan, M Li, SH Shim, JCE Irving, LH Kellogg, MS Miller",AGU Fall Meeting Abstracts,,0,2016,NA,SpbeaW3--B0C,"SM Campbell, B Ko, AF Holt, C Gao, D Frost, H Karaoglu, H Lai, K Yuan, ...",2016
Quantifying mixing and age variations of heterogeneities in models of mantle convection: Role of depth‐dependent viscosity,"DL Hunt, LH Kellogg",Journal of Geophysical Research: Solid Earth,"106 (B4), 6747-6759",25,2001,7.57996E+18,5nxA0vEk-isC,"DL Hunt, LH Kellogg",2001
Quantifying Mixing and Scales of Heterogeneity in 2-D Numerical Models of Chaotic Mantle Mixing,"AC Harris, J Naliboff, J Prytulak, E Vanacore, KM Cooper, S Hart, LH Kellogg",AGU Fall Meeting Abstracts,,0,2006,NA,YFjsv_pBGBYC,"AC Harris, J Naliboff, J Prytulak, E Vanacore, KM Cooper, S Hart, ...",2006
Rapid Scientific Response as an Educational Opportunity Integrating Geoscience and Advanced Visualization,"ME Oskin, LH Kellogg, K Team",AGU Fall Meeting Abstracts,,0,2014,NA,t7zJ5fGR-2UC,"ME Oskin, LH Kellogg, K Team",2014
Report from the Hotspot Geodynamics Detailed Planning Group,"RA Duncan, T Hanyu, Y Harada, KS Harpp, K Hoernie, LH Kellogg, DV Kent, AAP Koppers, W Sager, B Steinberter, JA Tarduno, Y-G Xu",,,0,NA,NA,2KloaMYe4IUC,"R Duncan, Y Harada, K Harpp, L Kellogg, D Kent, W Sager, J Tarduno",2007
Scales of mantle heterogeneity,"JC Moore, S Akber, JG Konter, J Kellogg, S Hart, LH Kellogg, B Romanowicz",AGU Fall Meeting Abstracts,,1,2004,5.49461E+18,7PzlFSSx8tAC,"JC Moore, S Akber-Knutson, J Konter, J Kellogg, S Hart, LH Kellogg, ...",2004
Scales of mantle heterogeneity emerging from 3-D models of advective stretching,"LH Kellogg, NS Conjeepuram",AGU Fall Meeting Abstracts,,0,2009,NA,SP6oXDckpogC,"LH Kellogg, N Conjeepuram",2009
Scaling up Planetary Dynamo Modeling to Massively Parallel Computing Systems: The Rayleigh Code at ALCF,"NA Featherstone, JM Aurnou, RK Yadav, MH Heimpel, KM Soderlund, H Matsui, S Stanley, BP Brown, G Glatzmaier, P Olson, BA Buffet, LJ Hwang, LH Kellogg",AGU Fall Meeting Abstracts,,0,2017,NA,_FM0Bhl9EiAC,"NA Featherstone, JM Aurnou, RK Yadav, MH Heimpel, KM Soderlund, ...",2017
SCEC Earthquake Simulator Comparison Results for California,"TE Tullis, KB Richards-Dinger, M Barall, JH Dieterich, EH Field, EM Heien, LH Kellogg, FF Pollitz, JB Rundle, MK Sachs, DL Turcotte, SN Ward, MB Yikilmaz",AGU Fall Meeting Abstracts,,0,2011,NA,tOudhMTPpwUC,"TE Tullis, KB Richards-Dinger, M Barall, JH Dieterich, EH Field, EM Heien, ...",2011
"Seismic wave anisotropy in the D"" region and its implications","T Lay, Q Williams, EJ Garnero, LH Kellogg, ME Wysession",The core-mantle boundary region,"28, 299-318",120,1998,3.56877E+18,2osOgNQ5qMEC,"T Lay, Q Williams, EJ Garnero, L Kellogg, ME Wysession",1998
"Shaping watersheds exhibit: An interactive, augmented reality sandbox for advancing earth science education","SE Reed, O Kreylos, S Hsi, LH Kellogg, SG Schladow, MB Yikilmaz, H Segale, J Silverman, S Yalowitz, E Sato",AGU Fall Meeting Abstracts,,45,2014,9.45805E+18,uc_IGeMz5qoC,"SE Reed, O Kreylos, S Hsi, LH Kellogg, G Schladow, MB Yikilmaz, ...",2014
Simulating partial melting and chemical fractionation in mantle dynamics models,"S Ferrachat, LH Kellogg",GEOCHIMICA ET COSMOCHIMICA ACTA,"66 (15 A), A231-A231",0,2002,NA,eMMeJKvmdy0C,"S Ferrachat, LH Kellogg",2002
Simulating the San Andreas Plate Boundary System: Progress and Prospects,"PB Rundle, JB Rundle, G Yakovlev, J Fernandez, R Shcherbakov, DL Turcotte, A Donellan, N Field, LG Ludwig, KF Tiampo, J van Aalsburg, LH Kellogg",AGU Fall Meeting Abstracts,,0,2006,NA,NMxIlDl6LWMC,"PB Rundle, JB Rundle, G Yakovlev, J Fernandez, R Shcherbakov, ...",2006
Simulator Results for allcal2 Fault Model,"TE Tullis, KB Richards-Dinger, M Barall, JH Dieterich, EH Field, EM Heien,  LH Kellogg, F Pollitz, JB Rundle, M Sachs, D Turcotte, SN Ward, MB Yikilmaz",,,0,NA,NA,t6usbXjVLHcC,"TE Tullis, K Richards-Dinger, M Barall, JH Dieterich, EH Field, E Heien, ...",2012
Sinking mafic body in a reactivated lower crust: A mechanism for stress concentration at the New Madrid seismic zone,"FF Pollitz, LH Kellogg, R Burgmann",Bulletin of the Seismological Society of America,"91 (6), 1882-1897",72,2001,3.26798E+17,Y0pCki6q_DkC,"FF Pollitz, L Kellogg, R Bürgmann",2001
Slab Stagnation in the Lower Mantle: A Multidisciplinary Investigation,"L Waszek, K Arredondo, GJ Finkelstein, LH Kellogg, V Lekic, M Li, CR Lithgow-Bertelloni, BA Romanowicz, NC Schmerr, ML Rudolph, JP Townsend, Z Xing, E Yang",AGU Fall Meeting Abstracts,,0,2014,NA,z_wVstp3MssC,"L Waszek, K Arredondo, GJ Finkelstein, LH Kellogg, V Lekic, M Li, ...",2014
Software and the scientist: Coding and citation practices in geodynamics,"LJ Hwang, A Fish, L Soito, MK Smith, LH Kellogg",Earth and Space Science,"4 (11), 670-680",2,2017,4.5382E+18,hCrLmN-GePgC,"L Hwang, A Fish, L Soito, MK Smith, LH Kellogg",2017
Software Attribution for Geoscience Applications in the Computational Infrastructure for Geodynamics,"LJ Hwang, J Dumit, AE Fish, L Soito, LH Kellogg, MK Smith",AGU Fall Meeting Abstracts,,0,2015,NA,TIZ-Mc8IlK0C,"L Hwang, J Dumit, A Fish, L Soito, LH Kellogg, M Smith",2015
Statistical analysis of earthquake event correlations in Virtual California,"MT Glasscoe, RA Granat, JB Rundle, LH Kellogg, A Donnellan",AGU Fall Meeting Abstracts,,0,2008,NA,_Qo2XoVZTnwC,"MT Glasscoe, RA Granat, JB Rundle, LH Kellogg, A Donnellan",2008
"Statistical Properties of Induced and Triggered Earthquakes at The Geysers, California","AK Hawkins, DL Turcotte, LH Kellogg",AGU Fall Meeting Abstracts,,0,2015,NA,MLfJN-KU85MC,"AK Hawkins, DL Turcotte, LH Kellogg",2015
"Statistical studies of induced and triggered seismicity at The Geysers, California","AK Hawkins, DL Turcotte, MB Yikilmaz, LH Kellogg, JB Rundle","Earthquakes and Multi-hazards Around the Pacific Rim, Vol. I",249-262,3,2018,1.44568E+19,i2xiXl-TujoC,"A Hawkins, DL Turcotte, MB Yıkılmaz, LH Kellogg, JB Rundle",2018
Statistics of advective stretching in three-dimensional incompressible flows,"N Subramanian, LH Kellogg, DL Turcotte",Journal of Statistical Physics,"136 (5), 926-944",4,2009,8.34675E+17,HDshCWvjkbEC,"N Subramanian, LH Kellogg, DL Turcotte",2009
"Statistics of seismicity associated with a sequence of explosive eruptions at Kilauea, Hawaii","RA Fildes, LH Kellogg, DL Turcotte, JB Rundle",AGU Fall Meeting Abstracts,,0,2018,NA,OTTXONDVkokC,"RA Fildes, LH Kellogg, DL Turcotte, JB Rundle",2018
Strain partitioning across metropolitan Los Angeles,"A Donnellan, A Blythe, LH Kellogg, MT Glasscoe",ACES Cooperation for Earthquake Simulation,2nd ACES Workshop Proceedings …,1,2001,7.93268E+18,k_IJM867U9cC,"A Donnellan, A Blythe, L Kellogg, M Glasscoe",2001
Stress Relaxation and Failure in a Brittle Material Subjected to Damage,"DM Manaker, DL Turcotte, LH Kellogg",AGU Fall Meeting Abstracts,,0,2005,NA,f2IySw72cVMC,"DM Manaker, DL Turcotte, LH Kellogg",2005
Stretching of passive tracers and implications for mantle mixing,"NS Conjeepuram, LH Kellogg",AGU Fall Meeting Abstracts,,0,2007,NA,1sJd4Hv_s6UC,"N Conjeepuram, LH Kellogg",2007
Structure and dynamics of the deep mantle: An Earth odyssey,LH Kellogg,AGU Fall Meeting Abstracts,,0,2001,NA,r0BpntZqJG4C,LH Kellogg,2001
Studies of the South Napa Earthquake Aftershocks,"DL Turcotte, R Shcherbakov, MB Yikilmaz, LH Kellogg, JB Rundle",AGU Fall Meeting Abstracts,,1,2014,4.64566E+18,XD-gHx7UXLsC,"DL Turcotte, R Shcherbakov, MB Yikilmaz, LH Kellogg, JB Rundle",2014
Study of 3D visualization software for geo-science applications,"MI Billen, O Kreylos, LH Kellogg, B Hamann, O Staadt, DY Sumner, MA Jadamec",KeckCAVES Technical Report TR,R06–01,2,2006,1.21884E+19,Wp0gIr-vW9MC,"MI Billen, O Kreylos, LH Kellogg, B Hamann, O Staadt, DY Sumner, ...",2006
"Study of volcanic sources at Long Valley Caldera, California, using gravity data and a genetic algorithm inversion technique","M Charco, J Fernandez, K Tiampo, M Battaglia, LH Kellogg, J McClain, JB Rundle",Geodetic and Geophysical Effects Associated with Seismic and Volcanic …,,8,2004,4.90383E+18,YOwf2qJgpHMC,"M Charco, J Fernandez, K Tiampo, M Battaglia, L Kellogg, J McClain, ...",2004
"Subducted, detached, and torn slabs beneath the Greater Caucasus","T Mumladze, AM Forte, ES Cowgill, CC Trexler, NA Niemi, MB Yikilmaz, LH Kellogg",GeoResJ,"5, 36-46",26,2015,8.63337E+17,tzM49s52ZIMC,"T Mumladze, AM Forte, ES Cowgill, CC Trexler, NA Niemi, MB Yıkılmaz, ...",2015
"Subducted, detached, and torn slabs during early orogeny: evidence from deep earthquakes under the Greater Caucasus","T Mumladze, AM Forte, ES Cowgill, C Trexler, NA Niemi, LH Kellogg, MB Yikilmaz",AGU Fall Meeting Abstracts,,0,2013,NA,VL0QpB8kHFEC,"T Mumladze, AM Forte, E Cowgill, C Trexler, NA Niemi, LH Kellogg, ...",2013
Surface Temperatures of Exoplanets,"M Weisfeiler, DL Turcotte, LH Kellogg",AGU Fall Meeting Abstracts,,0,2015,NA,ILKRHgRFtOwC,"M Weisfeiler, DL Turcotte, LH Kellogg",2015
Sustaining Open Source Communities through Hackathons-An Example from the ASPECT Community,"T Heister, LJ Hwang, W Bangerth, LH Kellogg",AGU Fall Meeting Abstracts,,0,2016,NA,xtoqd-5pKcoC,"T Heister, L Hwang, W Bangerth, LH Kellogg",2016
"Tectonic Setting of 24 August, 2014 M= 6.0 South Napa Earthquake","MB Yikilmaz, DL Turcotte, LH Kellogg, JB Rundle",AGU Fall Meeting Abstracts,,0,2014,NA,VLnqNzywnoUC,"MB Yikilmaz, DL Turcotte, LH Kellogg, JB Rundle",2014
Tectonics: 50 years after the Revolution,"EM Moores, MB Yikilmaz, LH Kellogg",Geological Society of America Special Papers,"500, 321-369",3,2013,1.39756E+19,PELIpwtuRlgC,"EM Moores, MB Yikilmaz, LH Kellogg",2013
Tele-Presence and Tele-Collaboration in Shared Virtual Environments,"O Kreylos, LH Kellogg",AGU Fall Meeting Abstracts,,0,2018,NA,2VqYfGB8ITEC,"O Kreylos, LH Kellogg",2018
Tensor Field Visualization in Geomechanics Applications,"I Hotz, L Feng, B Hamann, KI Joy, D Manaker, MI Billen, LH Kellogg",AGU Fall Meeting Abstracts,,0,2004,NA,iH-uZ7U-co4C,"I Hotz, L Feng, B Hamann, K Joy, D Manaker, MI Billen, LH Kellogg",2004
"Tethyan ophiolites, mantle convection, and tectonic"" historical contingency"": A resolution of the"" ophiolite conundrum""","EM Moores, LH Kellogg, Y Dilek",SPECIAL PAPERS-GEOLOGICAL SOCIETY OF AMERICA,12-Mar,134,2000,2.7399E+18,qjMakFHDy7sC,"EM Moores, LH Kellogg, Y Dilek",2000
The AR sandbox: augmented reality in geoscience education,"O Kreylos, LH Kellogg, S Reed, S Hsi, MB Yikilmaz, SG Schladow, H Segale, L Chan",AGU Fall Meeting Abstracts,,2,2016,5.07077E+17,Dip1O2bNi0gC,"O Kreylos, LH Kellogg, S Reed, S Hsi, MB Yikilmaz, G Schladow, ...",2016
The California Hazards Institute,"JB Rundle, LH Kellogg, DL Turcotte",AGU Fall Meeting Abstracts,,0,2006,NA,R3hNpaxXUhUC,"JB Rundle, LH Kellogg, DL Turcotte",2006
The Computational Infrastructure for Geodynamics as a Community of Practice,"LJ Hwang, LH Kellogg",AGU Fall Meeting Abstracts,,0,2016,NA,edDO8Oi4QzsC,"L Hwang, LH Kellogg",2016
The Computational Infrastructure for Geodynamics: An Example of Software Curation and Citation in the Geodynamics Community,"LJ Hwang, LH Kellogg",AGU Fall Meeting Abstracts,,0,2017,NA,FAceZFleit8C,"L Hwang, LH Kellogg",2017
"The D"" discontinuity and its implications","ME Wysession, T Lay, J Revenaugh, Q Williams, EJ Garnero, R Jeanloz, LH Kellogg",The core‐mantle boundary region,273-297,224,1998,2.49185E+18,u-x6o8ySG0sC,"ME Wysession, T Lay, J Revenaugh, Q Williams, EJ Garnero, R Jeanloz, ...",1998
"The effect of temperature dependent viscosity on the structure of new plumes in the mantle: Results of a finite element model in a spherical, axisymmetric shell","LH Kellogg, SD King",Earth and Planetary Science Letters,"148 (1-2), 13-26",64,1997,1.42315E+19,W7OEmFMy1HYC,"LH Kellogg, SD King",1997
The Effects of Increased Thermal Conductivity and Viscosity on Mixing Rates and Convection Patterns in the Deep Lower Mantle.,"JB Naliboff, LH Kellogg",AGU Fall Meeting Abstracts,,0,2004,NA,P5F9QuxV20EC,"JB Naliboff, LH Kellogg",2004
The nature of the (visualization) game: Challenges and opportunities from computational geophysics,LH Kellogg,AGU Fall Meeting Abstracts,,0,2016,NA,0N-VGjzr574C,LH Kellogg,2016
The Overshoot Phenomenon in Geodynamics Codes,"RK Kommu, EM Heien, LH Kellogg, W Bangerth, T Heister, EH Studley",AGU Fall Meeting Abstracts,,0,2013,NA,1yQoGdGgb4wC,"RK Kommu, EM Heien, LH Kellogg, W Bangerth, T Heister, EH Studley",2013
"The role of mantle plumes in the evolution of the D"" layer",LH Kellogg,International geological congress,,0,1992,NA,M05iB0D1s5AC,L KELLOGG,1992
The role of plumes in mantle helium fluxes,"LH Kellogg, GJ Wasserburg",Earth and Planetary Science Letters,"99 (3), 276-289",160,1990,1.59431E+19,d1gkVwhDpl0C,"LH Kellogg, GJ Wasserburg",1990
The role of scientific communities in creating reusable software: Lessons from geophysics,"LH Kellogg, LJ Hwang, R Gassmoeller, W Bangerth, T Heister",Computing in Science & Engineering,"21 (2), 25-35",1,2019,9.05932E+18,HtEfBTGE9r8C,"LH Kellogg, LJ Hwang, R Gassmöller, W Bangerth, T Heister",2019
Thermochemical Models of Earth's Mantle Convection: New Insight From Fractionation and Outgassing Processes,"S Ferrachat, LH Kellogg",AGU Fall Meeting Abstracts,,0,2001,NA,maZDTaKrznsC,"S Ferrachat, LH Kellogg",2001
Three-dimensional lidar point-cloud visualization and analysis of coseismic deformation using LidarViewer,"ME Oskin, O Kreylos, D Banesh, B Hamann, PO Gold, AJ Elliott, A Hinojosa, LH Kellogg",AGU Fall Meeting Abstracts,,0,2012,NA,Fu2w8maKXqMC,"ME Oskin, O Kreylos, D Banesh, B Hamann, PO Gold, AJ Elliott, ...",2012
Triggered Swarms and Induced Aftershock Sequences in Geothermal Systems,"R Shcherbakov, DL Turcotte, MB Yikilmaz, LH Kellogg, JB Rundle",AGU Fall Meeting Abstracts,,0,2015,NA,lmc2jWPfTJgC,"R Shcherbakov, DL Turcotte, MB Yikilmaz, LH Kellogg, JB Rundle",2015
Ultra-high resolution four dimensional geodetic imaging of engineered structures for stability assessment,"GW Bawden, S Bond, JH Podoski, O Kreylos, LH Kellogg",GeoCongress,2012: State of the Art and Practice in Geotechnical Engineering,0,2012,NA,8AbLer7MMksC,"GW Bawden, S Bond, JH Podoski, O Kreylos, LH Kellogg",2012
Ultralow Velocity Zone at the Core-Mantle Boundary,"J Revenaugh, Q Williams, T Lay, LH Kellogg",The Core-Mantle Boundary Region,319,0,1998,NA,NXb4pA-qfm4C,"J Revenaugh, Q Williams, T Lay, LH Kellogg",1998
Ultralow velocity zone at the core‐mantle boundary,"EJ Garnero, J Revenaugh, Q Williams, T Lay, LH Kellogg",The core‐mantle boundary region,"28, 319-334",181,1998,1.07846E+19,9yKSN-GCB0IC,"EJ Garnero, J Revenaugh, Q Williams, T Lay, LH Kellogg",1998
Upper Mantle Discontinuity Structure Beneath the Western Atlantic Ocean and Eastern North America from SS Precursors,"NC Schmerr, C Beghein, D Kostic, AM Baldridge, JD West, LR Nittler, AL Bull, L Montesi, PK Byrne, DR Hummer, JB Plescia, LT Elkins-Tanton, V Lekic, BE Schmidt, LJ Elkins, CM Cooper, IL ten Kate, DJJ Van Hinsbergen, R Parai, JB Glass, J Ni, N Fuji, FM McCubbin, JR Michalski, C Zhao, RD Arevalo, P Koelemeijer, AM Courtier, H Dalton, L Waszek, J Bahamonde, B Schmerr, N Gilpin, E Rosenshein, K Mach, LR Ostrach, R Caracas, RA Craddock, MM Moore-Diskell, WL Du Frane, LH Kellogg",AGU Fall Meeting Abstracts,,0,2015,NA,tuHXwOkdijsC,"NC Schmerr, C Beghein, D Kostic, AM Baldridge, JD West, LR Nittler, ...",2015
Using Interactive Visualization to Analyze Solid Earth Data and Geodynamics Models,"LH Kellogg, O Kreylos, MI Billen, B Hamann, MA Jadamec, JB Rundle, J van Aalsburg, MB Yikilmaz",AGU Fall Meeting Abstracts,,0,2008,NA,isC4tDSrTZIC,"LH Kellogg, O Kreylos, MI Billen, B Hamann, MA Jadamec, JB Rundle, ...",2008
Using Speculative Execution to Reduce Communication in a Parallel Large Scale Earthquake Simulation,"EM Heien, MB Yikilmaz, MK Sachs, JB Rundle, DL Turcotte, LH Kellogg",AGU Fall Meeting Abstracts,,0,2011,NA,vRqMK49ujn8C,"EM Heien, MB Yikilmaz, MK Sachs, JB Rundle, DL Turcotte, LH Kellogg",2011
Virtual California earthquake simulations: simple models and their application to an observed sequence of earthquakes,"MB Yikilmaz, DL Turcotte, G Yakovlev, JB Rundle, LH Kellogg",Geophysical Journal International,"180 (2), 734-742",18,2010,7.62417E+18,J_g5lzvAfSwC,"MB Yıkılmaz, DL Turcotte, G Yakovlev, JB Rundle, LH Kellogg",2010
Virtual California earthquake simulator,"MK Sachs, EM Heien, DL Turcotte, MB Yikilmaz, JB Rundle, LH Kellogg",Seismological Research Letters,"83 (6), 973-978",27,2012,6.58352E+18,XiVPGOgt02cC,"MK Sachs, EM Heien, DL Turcotte, MB Yikilmaz, JB Rundle, LH Kellogg",2012
Virtual California: studying earthquakes through simulation,"MK Sachs, EM Heien, DL Turcotte, MB Yikilmaz, JB Rundle, LH Kellogg",AGU Fall Meeting Abstracts,,0,2012,NA,NJ774b8OgUMC,"MK Sachs, EM Heien, DL Turcotte, MB Yikilmaz, JB Rundle, LH Kellogg",2012
Visualization of Flow Behavior in Earth Mantle Convection,"S Schroder, JA Peterson, H Obermaier, LH Kellogg, KI Joy, H Hagen",IEEE transactions on visualization and computer graphics,"18 (12), 2198-2207",4,2012,3.67327E+18,J-pR_7NvFogC,"S Schröder, JA Peterson, H Obermaier, LH Kellogg, KI Joy, H Hagen",2012
Visualization of Flow Properties in Mantle Convection: Understanding Homogenization in CitcomS,"S Schroder, JA Peterson, EM Heien, H Obermaier, DL Turcotte, LH Kellogg, H Hagen",AGU Fall Meeting Abstracts,,0,2011,NA,4fKUyHm3Qg0C,"S Schröder, JA Peterson, EM Heien, H Obermaier, DL Turcotte, ...",2011
Visualizer: 3D Gridded Data Visualization Software for Geoscience Education and Research,"C Harwood, MI Billen, O Kreylos, MA Jadamec, DY Sumner, LH Kellogg, B Hamann",AGU Fall Meeting Abstracts,,0,2008,NA,TFP_iSt0sucC,"C Harwood, MI Billen, O Kreylos, M Jadamec, DY Sumner, LH Kellogg, ...",2008
Where inside the world is the stuff that makes the wood things we write with and the small pretty rocks that women wear on their fingers? And where does that stuff go over time?,LH Kellogg,AGU Fall Meeting Abstracts,,0,2017,NA,9pM33mqn1YgC,LH Kellogg,2017
Whole earth modeling: developing and disseminating scientific software for computational geophysics.,LH Kellogg,AGU Fall Meeting Abstracts,,0,2016,NA,XoXfffV-tXoC,LH Kellogg,2016